Endpoint ID,Model Name,Input Price (per 1M tokens),Output Price (per 1M tokens)
nvidia/nemotron-3.5-content-safety:free,NVIDIA: Nemotron 3.5 Content Safety (free),Free,Free
nvidia/nemotron-3-ultra-550b-a55b:free,NVIDIA: Nemotron 3 Ultra (free),Free,Free
nvidia/nemotron-3-ultra-550b-a55b,NVIDIA: Nemotron 3 Ultra,$0.50,$2.50
qwen/qwen3.7-plus,Qwen: Qwen3.7 Plus,$0.40,$1.60
minimax/minimax-m3,MiniMax: MiniMax M3,$0.30,$1.20
stepfun/step-3.7-flash,StepFun: Step 3.7 Flash,$0.20,$1.15
anthropic/claude-opus-4.8-fast,Anthropic: Claude Opus 4.8 (Fast),$10.00,$50.00
anthropic/claude-opus-4.8,Anthropic: Claude Opus 4.8,$5.00,$25.00
qwen/qwen3.7-max,Qwen: Qwen3.7 Max,$1.25,$3.75
x-ai/grok-build-0.1,xAI: Grok Build 0.1,$1.00,$2.00
google/gemini-3.5-flash,Google: Gemini 3.5 Flash,$1.50,$9.00
anthropic/claude-opus-4.7-fast,Anthropic: Claude Opus 4.7 (Fast),$30.00,$150.00
openrouter/fusion,OpenRouter: Fusion,$-1000000.00,$-1000000.00
perceptron/perceptron-mk1,Perceptron: Perceptron Mk1,$0.15,$1.50
inclusionai/ring-2.6-1t,inclusionAI: Ring-2.6-1T,$0.07,$0.62
google/gemini-3.1-flash-lite,Google: Gemini 3.1 Flash Lite,$0.25,$1.50
openai/gpt-chat-latest,OpenAI: GPT Chat Latest,$5.00,$30.00
x-ai/grok-4.3,xAI: Grok 4.3,$1.25,$2.50
ibm-granite/granite-4.1-8b,IBM: Granite 4.1 8B,$0.05,$0.10
mistralai/mistral-medium-3-5,Mistral: Mistral Medium 3.5,$1.50,$7.50
openrouter/owl-alpha,Owl Alpha,Free,Free
nvidia/nemotron-3-nano-omni-30b-a3b-reasoning:free,NVIDIA: Nemotron 3 Nano Omni (free),Free,Free
poolside/laguna-xs.2:free,Poolside: Laguna XS.2 (free),Free,Free
poolside/laguna-m.1:free,Poolside: Laguna M.1 (free),Free,Free
~anthropic/claude-haiku-latest,Anthropic Claude Haiku Latest,$1.00,$5.00
~openai/gpt-mini-latest,OpenAI GPT Mini Latest,$0.75,$4.50
~google/gemini-pro-latest,Google Gemini Pro Latest,$2.00,$12.00
~moonshotai/kimi-latest,MoonshotAI Kimi Latest,$0.68,$3.42
~google/gemini-flash-latest,Google Gemini Flash Latest,$1.50,$9.00
~anthropic/claude-sonnet-latest,Anthropic Claude Sonnet Latest,$3.00,$15.00
~openai/gpt-latest,OpenAI GPT Latest,$5.00,$30.00
qwen/qwen3.5-plus-20260420,Qwen: Qwen3.5 Plus 2026-04-20,$0.30,$1.80
qwen/qwen3.6-flash,Qwen: Qwen3.6 Flash,$0.19,$1.12
qwen/qwen3.6-35b-a3b,Qwen: Qwen3.6 35B A3B,$0.14,$1.00
qwen/qwen3.6-max-preview,Qwen: Qwen3.6 Max Preview,$1.04,$6.24
qwen/qwen3.6-27b,Qwen: Qwen3.6 27B,$0.29,$2.40
openai/gpt-5.5-pro,OpenAI: GPT-5.5 Pro,$30.00,$180.00
openai/gpt-5.5,OpenAI: GPT-5.5,$5.00,$30.00
deepseek/deepseek-v4-pro,DeepSeek: DeepSeek V4 Pro,$0.43,$0.87
deepseek/deepseek-v4-flash,DeepSeek: DeepSeek V4 Flash,$0.10,$0.20
inclusionai/ling-2.6-1t,inclusionAI: Ling-2.6-1T,$0.07,$0.62
tencent/hy3-preview,Tencent: Hy3 preview,$0.06,$0.21
xiaomi/mimo-v2.5-pro,Xiaomi: MiMo-V2.5-Pro,$0.43,$0.87
xiaomi/mimo-v2.5,Xiaomi: MiMo-V2.5,$0.14,$0.28
openai/gpt-5.4-image-2,OpenAI: GPT-5.4 Image 2,$8.00,$15.00
inclusionai/ling-2.6-flash,inclusionAI: Ling-2.6-flash,$0.01,$0.03
~anthropic/claude-opus-latest,Anthropic: Claude Opus Latest,$5.00,$25.00
openrouter/pareto-code,Pareto Code Router,$-1000000.00,$-1000000.00
moonshotai/kimi-k2.6:free,MoonshotAI: Kimi K2.6 (free),Free,Free
moonshotai/kimi-k2.6,MoonshotAI: Kimi K2.6,$0.68,$3.42
anthropic/claude-opus-4.7,Anthropic: Claude Opus 4.7,$5.00,$25.00
anthropic/claude-opus-4.6-fast,Anthropic: Claude Opus 4.6 (Fast),$30.00,$150.00
z-ai/glm-5.1,Z.ai: GLM 5.1,$0.98,$3.08
google/gemma-4-26b-a4b-it:free,Google: Gemma 4 26B A4B  (free),Free,Free
google/gemma-4-26b-a4b-it,Google: Gemma 4 26B A4B ,$0.06,$0.33
google/gemma-4-31b-it:free,Google: Gemma 4 31B (free),Free,Free
google/gemma-4-31b-it,Google: Gemma 4 31B,$0.12,$0.36
qwen/qwen3.6-plus,Qwen: Qwen3.6 Plus,$0.33,$1.95
z-ai/glm-5v-turbo,Z.ai: GLM 5V Turbo,$1.20,$4.00
arcee-ai/trinity-large-thinking,Arcee AI: Trinity Large Thinking,$0.22,$0.85
x-ai/grok-4.20-multi-agent,xAI: Grok 4.20 Multi-Agent,$2.00,$6.00
x-ai/grok-4.20,xAI: Grok 4.20,$1.25,$2.50
google/lyria-3-pro-preview,Google: Lyria 3 Pro Preview,Free,Free
google/lyria-3-clip-preview,Google: Lyria 3 Clip Preview,Free,Free
kwaipilot/kat-coder-pro-v2,Kwaipilot: KAT-Coder-Pro V2,$0.30,$1.20
rekaai/reka-edge,Reka Edge,$0.10,$0.10
minimax/minimax-m2.7,MiniMax: MiniMax M2.7,$0.28,$1.20
openai/gpt-5.4-nano,OpenAI: GPT-5.4 Nano,$0.20,$1.25
openai/gpt-5.4-mini,OpenAI: GPT-5.4 Mini,$0.75,$4.50
mistralai/mistral-small-2603,Mistral: Mistral Small 4,$0.15,$0.60
z-ai/glm-5-turbo,Z.ai: GLM 5 Turbo,$1.20,$4.00
nvidia/nemotron-3-super-120b-a12b:free,NVIDIA: Nemotron 3 Super (free),Free,Free
nvidia/nemotron-3-super-120b-a12b,NVIDIA: Nemotron 3 Super,$0.09,$0.45
bytedance-seed/seed-2.0-lite,ByteDance Seed: Seed-2.0-Lite,$0.25,$2.00
qwen/qwen3.5-9b,Qwen: Qwen3.5-9B,$0.04,$0.15
openai/gpt-5.4-pro,OpenAI: GPT-5.4 Pro,$30.00,$180.00
openai/gpt-5.4,OpenAI: GPT-5.4,$2.50,$15.00
inception/mercury-2,Inception: Mercury 2,$0.25,$0.75
openai/gpt-5.3-chat,OpenAI: GPT-5.3 Chat,$1.75,$14.00
google/gemini-3.1-flash-lite-preview,Google: Gemini 3.1 Flash Lite Preview,$0.25,$1.50
bytedance-seed/seed-2.0-mini,ByteDance Seed: Seed-2.0-Mini,$0.10,$0.40
google/gemini-3.1-flash-image-preview,Google: Nano Banana 2 (Gemini 3.1 Flash Image Preview),$0.50,$3.00
qwen/qwen3.5-35b-a3b,Qwen: Qwen3.5-35B-A3B,$0.14,$1.00
qwen/qwen3.5-27b,Qwen: Qwen3.5-27B,$0.20,$1.56
qwen/qwen3.5-122b-a10b,Qwen: Qwen3.5-122B-A10B,$0.26,$2.08
qwen/qwen3.5-flash-02-23,Qwen: Qwen3.5-Flash,$0.07,$0.26
liquid/lfm-2-24b-a2b,LiquidAI: LFM2-24B-A2B,$0.03,$0.12
google/gemini-3.1-pro-preview-customtools,Google: Gemini 3.1 Pro Preview Custom Tools,$2.00,$12.00
openai/gpt-5.3-codex,OpenAI: GPT-5.3-Codex,$1.75,$14.00
aion-labs/aion-2.0,AionLabs: Aion-2.0,$0.80,$1.60
google/gemini-3.1-pro-preview,Google: Gemini 3.1 Pro Preview,$2.00,$12.00
anthropic/claude-sonnet-4.6,Anthropic: Claude Sonnet 4.6,$3.00,$15.00
qwen/qwen3.5-plus-02-15,Qwen: Qwen3.5 Plus 2026-02-15,$0.26,$1.56
qwen/qwen3.5-397b-a17b,Qwen: Qwen3.5 397B A17B,$0.39,$2.34
minimax/minimax-m2.5,MiniMax: MiniMax M2.5,$0.15,$1.15
z-ai/glm-5,Z.ai: GLM 5,$0.60,$1.92
qwen/qwen3-max-thinking,Qwen: Qwen3 Max Thinking,$0.78,$3.90
anthropic/claude-opus-4.6,Anthropic: Claude Opus 4.6,$5.00,$25.00
qwen/qwen3-coder-next,Qwen: Qwen3 Coder Next,$0.11,$0.80
openrouter/free,Free Models Router,Free,Free
stepfun/step-3.5-flash,StepFun: Step 3.5 Flash,$0.09,$0.30
moonshotai/kimi-k2.5,MoonshotAI: Kimi K2.5,$0.40,$1.90
upstage/solar-pro-3,Upstage: Solar Pro 3,$0.15,$0.60
minimax/minimax-m2-her,MiniMax: MiniMax M2-her,$0.30,$1.20
writer/palmyra-x5,Writer: Palmyra X5,$0.60,$6.00
liquid/lfm-2.5-1.2b-thinking:free,LiquidAI: LFM2.5-1.2B-Thinking (free),Free,Free
liquid/lfm-2.5-1.2b-instruct:free,LiquidAI: LFM2.5-1.2B-Instruct (free),Free,Free
openai/gpt-audio,OpenAI: GPT Audio,$2.50,$10.00
openai/gpt-audio-mini,OpenAI: GPT Audio Mini,$0.60,$2.40
z-ai/glm-4.7-flash,Z.ai: GLM 4.7 Flash,$0.06,$0.40
openai/gpt-5.2-codex,OpenAI: GPT-5.2-Codex,$1.75,$14.00
bytedance-seed/seed-1.6-flash,ByteDance Seed: Seed 1.6 Flash,$0.07,$0.30
bytedance-seed/seed-1.6,ByteDance Seed: Seed 1.6,$0.25,$2.00
minimax/minimax-m2.1,MiniMax: MiniMax M2.1,$0.29,$0.95
z-ai/glm-4.7,Z.ai: GLM 4.7,$0.40,$1.75
google/gemini-3-flash-preview,Google: Gemini 3 Flash Preview,$0.50,$3.00
xiaomi/mimo-v2-flash,Xiaomi: MiMo-V2-Flash,$0.10,$0.30
nvidia/nemotron-3-nano-30b-a3b:free,NVIDIA: Nemotron 3 Nano 30B A3B (free),Free,Free
nvidia/nemotron-3-nano-30b-a3b,NVIDIA: Nemotron 3 Nano 30B A3B,$0.05,$0.20
openai/gpt-5.2-chat,OpenAI: GPT-5.2 Chat,$1.75,$14.00
openai/gpt-5.2-pro,OpenAI: GPT-5.2 Pro,$21.00,$168.00
openai/gpt-5.2,OpenAI: GPT-5.2,$1.75,$14.00
mistralai/devstral-2512,Mistral: Devstral 2 2512,$0.40,$2.00
relace/relace-search,Relace: Relace Search,$1.00,$3.00
z-ai/glm-4.6v,Z.ai: GLM 4.6V,$0.30,$0.90
nex-agi/deepseek-v3.1-nex-n1,Nex AGI: DeepSeek V3.1 Nex N1,$0.14,$0.50
essentialai/rnj-1-instruct,EssentialAI: Rnj 1 Instruct,$0.15,$0.15
openrouter/bodybuilder,Body Builder (beta),$-1000000.00,$-1000000.00
openai/gpt-5.1-codex-max,OpenAI: GPT-5.1-Codex-Max,$1.25,$10.00
amazon/nova-2-lite-v1,Amazon: Nova 2 Lite,$0.30,$2.50
mistralai/ministral-14b-2512,Mistral: Ministral 3 14B 2512,$0.20,$0.20
mistralai/ministral-8b-2512,Mistral: Ministral 3 8B 2512,$0.15,$0.15
mistralai/ministral-3b-2512,Mistral: Ministral 3 3B 2512,$0.10,$0.10
mistralai/mistral-large-2512,Mistral: Mistral Large 3 2512,$0.50,$1.50
arcee-ai/trinity-mini,Arcee AI: Trinity Mini,$0.04,$0.15
deepseek/deepseek-v3.2,DeepSeek: DeepSeek V3.2,$0.23,$0.34
prime-intellect/intellect-3,Prime Intellect: INTELLECT-3,$0.20,$1.10
anthropic/claude-opus-4.5,Anthropic: Claude Opus 4.5,$5.00,$25.00
allenai/olmo-3-32b-think,AllenAI: Olmo 3 32B Think,$0.15,$0.50
google/gemini-3-pro-image-preview,Google: Nano Banana Pro (Gemini 3 Pro Image Preview),$2.00,$12.00
deepcogito/cogito-v2.1-671b,Deep Cogito: Cogito v2.1 671B,$1.25,$1.25
openai/gpt-5.1,OpenAI: GPT-5.1,$1.25,$10.00
openai/gpt-5.1-chat,OpenAI: GPT-5.1 Chat,$1.25,$10.00
openai/gpt-5.1-codex,OpenAI: GPT-5.1-Codex,$1.25,$10.00
openai/gpt-5.1-codex-mini,OpenAI: GPT-5.1-Codex-Mini,$0.25,$2.00
moonshotai/kimi-k2-thinking,MoonshotAI: Kimi K2 Thinking,$0.60,$2.50
amazon/nova-premier-v1,Amazon: Nova Premier 1.0,$2.50,$12.50
perplexity/sonar-pro-search,Perplexity: Sonar Pro Search,$3.00,$15.00
mistralai/voxtral-small-24b-2507,Mistral: Voxtral Small 24B 2507,$0.10,$0.30
openai/gpt-oss-safeguard-20b,OpenAI: gpt-oss-safeguard-20b,$0.07,$0.30
nvidia/nemotron-nano-12b-v2-vl:free,NVIDIA: Nemotron Nano 12B 2 VL (free),Free,Free
minimax/minimax-m2,MiniMax: MiniMax M2,$0.26,$1.00
qwen/qwen3-vl-32b-instruct,Qwen: Qwen3 VL 32B Instruct,$0.10,$0.42
ibm-granite/granite-4.0-h-micro,IBM: Granite 4.0 Micro,$0.02,$0.11
microsoft/phi-4-mini-instruct,Microsoft: Phi 4 Mini Instruct,$0.08,$0.35
openai/gpt-5-image-mini,OpenAI: GPT-5 Image Mini,$2.50,$2.00
anthropic/claude-haiku-4.5,Anthropic: Claude Haiku 4.5,$1.00,$5.00
qwen/qwen3-vl-8b-thinking,Qwen: Qwen3 VL 8B Thinking,$0.12,$1.36
qwen/qwen3-vl-8b-instruct,Qwen: Qwen3 VL 8B Instruct,$0.08,$0.50
openai/gpt-5-image,OpenAI: GPT-5 Image,$10.00,$10.00
openai/o3-deep-research,OpenAI: o3 Deep Research,$10.00,$40.00
openai/o4-mini-deep-research,OpenAI: o4 Mini Deep Research,$2.00,$8.00
nvidia/llama-3.3-nemotron-super-49b-v1.5,NVIDIA: Llama 3.3 Nemotron Super 49B V1.5,$0.10,$0.40
google/gemini-2.5-flash-image,Google: Nano Banana (Gemini 2.5 Flash Image),$0.30,$2.50
qwen/qwen3-vl-30b-a3b-thinking,Qwen: Qwen3 VL 30B A3B Thinking,$0.13,$1.56
qwen/qwen3-vl-30b-a3b-instruct,Qwen: Qwen3 VL 30B A3B Instruct,$0.13,$0.52
openai/gpt-5-pro,OpenAI: GPT-5 Pro,$15.00,$120.00
z-ai/glm-4.6,Z.ai: GLM 4.6,$0.43,$1.74
anthropic/claude-sonnet-4.5,Anthropic: Claude Sonnet 4.5,$3.00,$15.00
deepseek/deepseek-v3.2-exp,DeepSeek: DeepSeek V3.2 Exp,$0.27,$0.41
thedrummer/cydonia-24b-v4.1,TheDrummer: Cydonia 24B V4.1,$0.30,$0.50
relace/relace-apply-3,Relace: Relace Apply 3,$0.85,$1.25
google/gemini-2.5-flash-lite-preview-09-2025,Google: Gemini 2.5 Flash Lite Preview 09-2025,$0.10,$0.40
qwen/qwen3-vl-235b-a22b-thinking,Qwen: Qwen3 VL 235B A22B Thinking,$0.26,$2.60
qwen/qwen3-vl-235b-a22b-instruct,Qwen: Qwen3 VL 235B A22B Instruct,$0.20,$0.88
qwen/qwen3-max,Qwen: Qwen3 Max,$0.78,$3.90
qwen/qwen3-coder-plus,Qwen: Qwen3 Coder Plus,$0.65,$3.25
openai/gpt-5-codex,OpenAI: GPT-5 Codex,$1.25,$10.00
deepseek/deepseek-v3.1-terminus,DeepSeek: DeepSeek V3.1 Terminus,$0.27,$0.95
qwen/qwen3-coder-flash,Qwen: Qwen3 Coder Flash,$0.20,$0.97
qwen/qwen3-next-80b-a3b-thinking,Qwen: Qwen3 Next 80B A3B Thinking,$0.10,$0.78
qwen/qwen3-next-80b-a3b-instruct:free,Qwen: Qwen3 Next 80B A3B Instruct (free),Free,Free
qwen/qwen3-next-80b-a3b-instruct,Qwen: Qwen3 Next 80B A3B Instruct,$0.09,$1.10
qwen/qwen-plus-2025-07-28:thinking,Qwen: Qwen Plus 0728 (thinking),$0.26,$0.78
qwen/qwen-plus-2025-07-28,Qwen: Qwen Plus 0728,$0.26,$0.78
nvidia/nemotron-nano-9b-v2:free,NVIDIA: Nemotron Nano 9B V2 (free),Free,Free
nvidia/nemotron-nano-9b-v2,NVIDIA: Nemotron Nano 9B V2,$0.04,$0.16
moonshotai/kimi-k2-0905,MoonshotAI: Kimi K2 0905,$0.60,$2.50
qwen/qwen3-30b-a3b-thinking-2507,Qwen: Qwen3 30B A3B Thinking 2507,$0.08,$0.40
nousresearch/hermes-4-70b,Nous: Hermes 4 70B,$0.13,$0.40
nousresearch/hermes-4-405b,Nous: Hermes 4 405B,$1.00,$3.00
deepseek/deepseek-chat-v3.1,DeepSeek: DeepSeek V3.1,$0.21,$0.79
mistralai/mistral-medium-3.1,Mistral: Mistral Medium 3.1,$0.40,$2.00
z-ai/glm-4.5v,Z.ai: GLM 4.5V,$0.60,$1.80
ai21/jamba-large-1.7,AI21: Jamba Large 1.7,$2.00,$8.00
openai/gpt-5-chat,OpenAI: GPT-5 Chat,$1.25,$10.00
openai/gpt-5,OpenAI: GPT-5,$1.25,$10.00
openai/gpt-5-mini,OpenAI: GPT-5 Mini,$0.25,$2.00
openai/gpt-5-nano,OpenAI: GPT-5 Nano,$0.05,$0.40
openai/gpt-oss-120b:free,OpenAI: gpt-oss-120b (free),Free,Free
openai/gpt-oss-120b,OpenAI: gpt-oss-120b,$0.04,$0.18
openai/gpt-oss-20b:free,OpenAI: gpt-oss-20b (free),Free,Free
openai/gpt-oss-20b,OpenAI: gpt-oss-20b,$0.03,$0.14
anthropic/claude-opus-4.1,Anthropic: Claude Opus 4.1,$15.00,$75.00
mistralai/codestral-2508,Mistral: Codestral 2508,$0.30,$0.90
qwen/qwen3-coder-30b-a3b-instruct,Qwen: Qwen3 Coder 30B A3B Instruct,$0.07,$0.27
qwen/qwen3-30b-a3b-instruct-2507,Qwen: Qwen3 30B A3B Instruct 2507,$0.05,$0.19
z-ai/glm-4.5,Z.ai: GLM 4.5,$0.60,$2.20
z-ai/glm-4.5-air:free,Z.ai: GLM 4.5 Air (free),Free,Free
z-ai/glm-4.5-air,Z.ai: GLM 4.5 Air,$0.12,$0.85
qwen/qwen3-235b-a22b-thinking-2507,Qwen: Qwen3 235B A22B Thinking 2507,$0.10,$0.10
z-ai/glm-4-32b,Z.ai: GLM 4 32B ,$0.10,$0.10
qwen/qwen3-coder:free,Qwen: Qwen3 Coder 480B A35B (free),Free,Free
qwen/qwen3-coder,Qwen: Qwen3 Coder 480B A35B,$0.22,$1.80
bytedance/ui-tars-1.5-7b,ByteDance: UI-TARS 7B ,$0.10,$0.20
google/gemini-2.5-flash-lite,Google: Gemini 2.5 Flash Lite,$0.10,$0.40
qwen/qwen3-235b-a22b-2507,Qwen: Qwen3 235B A22B Instruct 2507,$0.07,$0.10
switchpoint/router,Switchpoint Router,$0.85,$3.40
moonshotai/kimi-k2,MoonshotAI: Kimi K2 0711,$0.57,$2.30
cognitivecomputations/dolphin-mistral-24b-venice-edition:free,Venice: Uncensored (free),Free,Free
tencent/hunyuan-a13b-instruct,Tencent: Hunyuan A13B Instruct,$0.14,$0.57
morph/morph-v3-large,Morph: Morph V3 Large,$0.90,$1.90
morph/morph-v3-fast,Morph: Morph V3 Fast,$0.80,$1.20
baidu/ernie-4.5-vl-424b-a47b,Baidu: ERNIE 4.5 VL 424B A47B ,$0.42,$1.25
mistralai/mistral-small-3.2-24b-instruct,Mistral: Mistral Small 3.2 24B,$0.07,$0.20
minimax/minimax-m1,MiniMax: MiniMax M1,$0.40,$2.20
google/gemini-2.5-flash,Google: Gemini 2.5 Flash,$0.30,$2.50
google/gemini-2.5-pro,Google: Gemini 2.5 Pro,$1.25,$10.00
openai/o3-pro,OpenAI: o3 Pro,$20.00,$80.00
google/gemini-2.5-pro-preview,Google: Gemini 2.5 Pro Preview 06-05,$1.25,$10.00
deepseek/deepseek-r1-0528,DeepSeek: R1 0528,$0.50,$2.15
anthropic/claude-opus-4,Anthropic: Claude Opus 4,$15.00,$75.00
anthropic/claude-sonnet-4,Anthropic: Claude Sonnet 4,$3.00,$15.00
google/gemma-3n-e4b-it,Google: Gemma 3n 4B,$0.06,$0.12
mistralai/mistral-medium-3,Mistral: Mistral Medium 3,$0.40,$2.00
google/gemini-2.5-pro-preview-05-06,Google: Gemini 2.5 Pro Preview 05-06,$1.25,$10.00
arcee-ai/maestro-reasoning,Arcee AI: Maestro Reasoning,$0.90,$3.30
arcee-ai/virtuoso-large,Arcee AI: Virtuoso Large,$0.75,$1.20
arcee-ai/coder-large,Arcee AI: Coder Large,$0.50,$0.80
meta-llama/llama-guard-4-12b,Meta: Llama Guard 4 12B,$0.18,$0.18
qwen/qwen3-30b-a3b,Qwen: Qwen3 30B A3B,$0.09,$0.45
qwen/qwen3-8b,Qwen: Qwen3 8B,$0.05,$0.40
qwen/qwen3-14b,Qwen: Qwen3 14B,$0.10,$0.24
qwen/qwen3-32b,Qwen: Qwen3 32B,$0.08,$0.28
qwen/qwen3-235b-a22b,Qwen: Qwen3 235B A22B,$0.45,$1.82
openai/o4-mini-high,OpenAI: o4 Mini High,$1.10,$4.40
openai/o3,OpenAI: o3,$2.00,$8.00
openai/o4-mini,OpenAI: o4 Mini,$1.10,$4.40
openai/gpt-4.1,OpenAI: GPT-4.1,$2.00,$8.00
openai/gpt-4.1-mini,OpenAI: GPT-4.1 Mini,$0.40,$1.60
openai/gpt-4.1-nano,OpenAI: GPT-4.1 Nano,$0.10,$0.40
meta-llama/llama-4-maverick,Meta: Llama 4 Maverick,$0.15,$0.60
meta-llama/llama-4-scout,Meta: Llama 4 Scout,$0.08,$0.30
deepseek/deepseek-chat-v3-0324,DeepSeek: DeepSeek V3 0324,$0.20,$0.77
openai/o1-pro,OpenAI: o1-pro,$150.00,$600.00
mistralai/mistral-small-3.1-24b-instruct,Mistral: Mistral Small 3.1 24B,$0.35,$0.55
google/gemma-3-4b-it,Google: Gemma 3 4B,$0.04,$0.08
google/gemma-3-12b-it,Google: Gemma 3 12B,$0.04,$0.13
cohere/command-a,Cohere: Command A,$2.50,$10.00
openai/gpt-4o-mini-search-preview,OpenAI: GPT-4o-mini Search Preview,$0.15,$0.60
openai/gpt-4o-search-preview,OpenAI: GPT-4o Search Preview,$2.50,$10.00
rekaai/reka-flash-3,Reka Flash 3,$0.10,$0.20
google/gemma-3-27b-it,Google: Gemma 3 27B,$0.08,$0.16
thedrummer/skyfall-36b-v2,TheDrummer: Skyfall 36B V2,$0.55,$0.80
perplexity/sonar-reasoning-pro,Perplexity: Sonar Reasoning Pro,$2.00,$8.00
perplexity/sonar-pro,Perplexity: Sonar Pro,$3.00,$15.00
perplexity/sonar-deep-research,Perplexity: Sonar Deep Research,$2.00,$8.00
mistralai/mistral-saba,Mistral: Saba,$0.20,$0.60
meta-llama/llama-guard-3-8b,Llama Guard 3 8B,$0.48,$0.03
openai/o3-mini-high,OpenAI: o3 Mini High,$1.10,$4.40
aion-labs/aion-1.0,AionLabs: Aion-1.0,$4.00,$8.00
aion-labs/aion-1.0-mini,AionLabs: Aion-1.0-Mini,$0.70,$1.40
aion-labs/aion-rp-llama-3.1-8b,AionLabs: Aion-RP 1.0 (8B),$0.80,$1.60
qwen/qwen2.5-vl-72b-instruct,Qwen: Qwen2.5 VL 72B Instruct,$0.25,$0.75
qwen/qwen-plus,Qwen: Qwen-Plus,$0.26,$0.78
openai/o3-mini,OpenAI: o3 Mini,$1.10,$4.40
mistralai/mistral-small-24b-instruct-2501,Mistral: Mistral Small 3,$0.05,$0.08
deepseek/deepseek-r1-distill-qwen-32b,DeepSeek: R1 Distill Qwen 32B,$0.29,$0.29
perplexity/sonar,Perplexity: Sonar,$1.00,$1.00
deepseek/deepseek-r1-distill-llama-70b,DeepSeek: R1 Distill Llama 70B,$0.70,$0.80
deepseek/deepseek-r1,DeepSeek: R1,$0.70,$2.50
minimax/minimax-01,MiniMax: MiniMax-01,$0.20,$1.10
microsoft/phi-4,Microsoft: Phi 4,$0.07,$0.14
sao10k/l3.1-70b-hanami-x1,Sao10K: Llama 3.1 70B Hanami x1,$3.00,$3.00
deepseek/deepseek-chat,DeepSeek: DeepSeek V3,$0.20,$0.80
sao10k/l3.3-euryale-70b,Sao10K: Llama 3.3 Euryale 70B,$0.65,$0.75
openai/o1,OpenAI: o1,$15.00,$60.00
cohere/command-r7b-12-2024,Cohere: Command R7B (12-2024),$0.04,$0.15
meta-llama/llama-3.3-70b-instruct:free,Meta: Llama 3.3 70B Instruct (free),Free,Free
meta-llama/llama-3.3-70b-instruct,Meta: Llama 3.3 70B Instruct,$0.10,$0.32
amazon/nova-lite-v1,Amazon: Nova Lite 1.0,$0.06,$0.24
amazon/nova-micro-v1,Amazon: Nova Micro 1.0,$0.04,$0.14
amazon/nova-pro-v1,Amazon: Nova Pro 1.0,$0.80,$3.20
openai/gpt-4o-2024-11-20,OpenAI: GPT-4o (2024-11-20),$2.50,$10.00
mistralai/mistral-large-2407,Mistral Large 2407,$2.00,$6.00
qwen/qwen-2.5-coder-32b-instruct,Qwen2.5 Coder 32B Instruct,$0.66,$1.00
thedrummer/unslopnemo-12b,TheDrummer: UnslopNemo 12B,$0.40,$0.40
anthropic/claude-3.5-haiku,Anthropic: Claude 3.5 Haiku,$0.80,$4.00
anthracite-org/magnum-v4-72b,Magnum v4 72B,$3.00,$5.00
qwen/qwen-2.5-7b-instruct,Qwen: Qwen2.5 7B Instruct,$0.04,$0.10
inflection/inflection-3-productivity,Inflection: Inflection 3 Productivity,$2.50,$10.00
inflection/inflection-3-pi,Inflection: Inflection 3 Pi,$2.50,$10.00
thedrummer/rocinante-12b,TheDrummer: Rocinante 12B,$0.17,$0.43
meta-llama/llama-3.2-3b-instruct:free,Meta: Llama 3.2 3B Instruct (free),Free,Free
meta-llama/llama-3.2-3b-instruct,Meta: Llama 3.2 3B Instruct,$0.05,$0.34
meta-llama/llama-3.2-1b-instruct,Meta: Llama 3.2 1B Instruct,$0.03,$0.20
meta-llama/llama-3.2-11b-vision-instruct,Meta: Llama 3.2 11B Vision Instruct,$0.24,$0.24
qwen/qwen-2.5-72b-instruct,Qwen2.5 72B Instruct,$0.36,$0.40
cohere/command-r-plus-08-2024,Cohere: Command R+ (08-2024),$2.50,$10.00
cohere/command-r-08-2024,Cohere: Command R (08-2024),$0.15,$0.60
sao10k/l3.1-euryale-70b,Sao10K: Llama 3.1 Euryale 70B v2.2,$0.85,$0.85
nousresearch/hermes-3-llama-3.1-70b,Nous: Hermes 3 70B Instruct,$0.30,$0.30
nousresearch/hermes-3-llama-3.1-405b:free,Nous: Hermes 3 405B Instruct (free),Free,Free
nousresearch/hermes-3-llama-3.1-405b,Nous: Hermes 3 405B Instruct,$1.00,$1.00
sao10k/l3-lunaris-8b,Sao10K: Llama 3 8B Lunaris,$0.04,$0.05
openai/gpt-4o-2024-08-06,OpenAI: GPT-4o (2024-08-06),$2.50,$10.00
meta-llama/llama-3.1-8b-instruct,Meta: Llama 3.1 8B Instruct,$0.02,$0.03
meta-llama/llama-3.1-70b-instruct,Meta: Llama 3.1 70B Instruct,$0.40,$0.40
mistralai/mistral-nemo,Mistral: Mistral Nemo,$0.02,$0.03
openai/gpt-4o-mini-2024-07-18,OpenAI: GPT-4o-mini (2024-07-18),$0.15,$0.60
openai/gpt-4o-mini,OpenAI: GPT-4o-mini,$0.15,$0.60
google/gemma-2-27b-it,Google: Gemma 2 27B,$0.65,$0.65
openai/gpt-4o-2024-05-13,OpenAI: GPT-4o (2024-05-13),$5.00,$15.00
openai/gpt-4o,OpenAI: GPT-4o,$2.50,$10.00
meta-llama/llama-3-8b-instruct,Meta: Llama 3 8B Instruct,$0.14,$0.14
meta-llama/llama-3-70b-instruct,Meta: Llama 3 70B Instruct,$0.51,$0.74
mistralai/mixtral-8x22b-instruct,Mistral: Mixtral 8x22B Instruct,$2.00,$6.00
microsoft/wizardlm-2-8x22b,WizardLM-2 8x22B,$0.62,$0.62
openai/gpt-4-turbo,OpenAI: GPT-4 Turbo,$10.00,$30.00
anthropic/claude-3-haiku,Anthropic: Claude 3 Haiku,$0.25,$1.25
mistralai/mistral-large,Mistral Large,$2.00,$6.00
openai/gpt-4-turbo-preview,OpenAI: GPT-4 Turbo Preview,$10.00,$30.00
openai/gpt-3.5-turbo-0613,OpenAI: GPT-3.5 Turbo (older v0613),$1.00,$2.00
openrouter/auto,Auto Router,$-1000000.00,$-1000000.00
openai/gpt-3.5-turbo-instruct,OpenAI: GPT-3.5 Turbo Instruct,$1.50,$2.00
openai/gpt-3.5-turbo-16k,OpenAI: GPT-3.5 Turbo 16k,$3.00,$4.00
mancer/weaver,Mancer: Weaver (alpha),$0.75,$1.00
undi95/remm-slerp-l2-13b,ReMM SLERP 13B,$0.45,$0.65
gryphe/mythomax-l2-13b,MythoMax 13B,$0.06,$0.06
openai/gpt-4,OpenAI: GPT-4,$30.00,$60.00
openai/gpt-3.5-turbo,OpenAI: GPT-3.5 Turbo,$0.50,$1.50
